<WindowsServiceDetails>
  <Environment Name="Dev">
    <ServiceDetails ServerName="CGIPEV" ServiceName="svsvc3" />
    <ServiceDetails ServerName="CGIPEV" ServiceName="SQLSERVERAGENT" />
    <ServiceDetails ServerName="CGIPEV" ServiceName="NgcSvc" />
    <ServiceDetails ServerName="CGIPEV" ServiceName="svsvc" />
  </Environment>
  <Environment Name="SIT">
    <ServiceDetails ServerName="CGIPEV" ServiceName="svsvc" />
    <ServiceDetails ServerName="CGIPEV" ServiceName="NgcSvc" />
    <ServiceDetails ServerName="CGIPEV" ServiceName="svsvc3" />
  </Environment>

</WindowsServiceDetails>

